"Id";"Designator";"Footprint";"Quantity";"Designation";"Supplier and ref";
1;"U2";"SOT-223-3_TabPin2";1;"AMS1117";;;
2;"C7";"C_0603_";1;"1u";;;
3;"SW1";"button_434133025816";1;"~";;;
4;"C8,C9";"C_0603_";2;"8p";;;
5;"R1";"R_0603";1;"10k";;;
6;"R5,R3,R4";"R_0603";3;"1k5";;;
7;"C1,C3,C10,C4,C2,C6";"C_0603_";6;"100n";;;
8;"Y1";"TSX-3225";1;"Crystal 16 Mhz";;;
9;"J1,J4";"PinHeader_1x04_P1.00mm_Vertical";2;"Conn_01x04_Pin";;;
10;"C12,C11,C5";"C_0603_";3;"10u";;;
11;"SW2";"SW_SPDT_PCM12";1;"SW_SPDT";;;
12;"U1";"LQFP-48_7x7mm_P0.5mm";1;"STM32F100C8Tx";;;
13;"FB1";"BLM18PG121SN1D";1;"120R";;;
14;"R2";"R_0603";1;"R";;;
15;"J3";"PinHeader_1x06_P1.00mm_Vertical";1;"Conn_01x06_Pin";;;
16;"J2";"USB_Micro-B_Wuerth_629105150521";1;"USB_B_Micro";;;
17;"D1";"LED_0603_1608Metric";1;"RED";;;
